-- phpMyAdmin SQL Dump
-- version 4.9.2
-- https://www.phpmyadmin.net/
--
-- Host: 127.0.0.1:3308
-- Generation Time: Mar 22, 2021 at 07:52 AM
-- Server version: 8.0.18
-- PHP Version: 7.3.12

SET SQL_MODE = "NO_AUTO_VALUE_ON_ZERO";
SET AUTOCOMMIT = 0;
START TRANSACTION;
SET time_zone = "+00:00";


/*!40101 SET @OLD_CHARACTER_SET_CLIENT=@@CHARACTER_SET_CLIENT */;
/*!40101 SET @OLD_CHARACTER_SET_RESULTS=@@CHARACTER_SET_RESULTS */;
/*!40101 SET @OLD_COLLATION_CONNECTION=@@COLLATION_CONNECTION */;
/*!40101 SET NAMES utf8mb4 */;

--
-- Database: `sdp assignment`
--

-- --------------------------------------------------------

--
-- Table structure for table `attendance`
--

DROP TABLE IF EXISTS `attendance`;
CREATE TABLE IF NOT EXISTS `attendance` (
  `attend_id` int(11) NOT NULL AUTO_INCREMENT,
  `lect_id` varchar(20) CHARACTER SET latin1 COLLATE latin1_swedish_ci NOT NULL,
  `student_id` varchar(20) CHARACTER SET latin1 COLLATE latin1_swedish_ci NOT NULL,
  `attend_status` tinyint(1) NOT NULL,
  `attend_module` varchar(50) CHARACTER SET latin1 COLLATE latin1_swedish_ci NOT NULL,
  `attend_group` varchar(20) CHARACTER SET latin1 COLLATE latin1_swedish_ci NOT NULL,
  `attend_date` date NOT NULL,
  `attend_duration` varchar(20) CHARACTER SET latin1 COLLATE latin1_swedish_ci NOT NULL,
  `start_time` time NOT NULL,
  `classtype` varchar(20) CHARACTER SET latin1 COLLATE latin1_swedish_ci NOT NULL,
  PRIMARY KEY (`attend_id`),
  KEY `afk_lect_id` (`lect_id`),
  KEY `afk_stud_id` (`student_id`)
) ENGINE=InnoDB AUTO_INCREMENT=298 DEFAULT CHARSET=utf8mb4 COLLATE=utf8mb4_unicode_520_ci;

--
-- Dumping data for table `attendance`
--

INSERT INTO `attendance` (`attend_id`, `lect_id`, `student_id`, `attend_status`, `attend_module`, `attend_group`, `attend_date`, `attend_duration`, `start_time`, `classtype`) VALUES
(285, 'LT001', 'S0001', 0, 'Artificial Intelligence', 'T1', '2021-03-22', '1h', '12:00:00', 'tutorial'),
(286, 'LT001', 'S0002', 1, 'Artificial Intelligence', 'T1', '2021-03-22', '1h', '12:00:00', 'tutorial'),
(287, 'LT001', 'S0003', 1, 'Artificial Intelligence', 'T1', '2021-03-22', '1h', '12:00:00', 'tutorial'),
(288, 'LT002', 'S0001', 0, 'Digital Security Forensic', 'L1', '2021-03-22', '1h', '12:50:00', 'tutorial'),
(289, 'LT002', 'S0002', 0, 'Digital Security Forensic', 'L1', '2021-03-22', '1h', '12:50:00', 'tutorial'),
(290, 'LT002', 'S0003', 0, 'Digital Security Forensic', 'L1', '2021-03-22', '1h', '12:50:00', 'tutorial'),
(292, 'LT002', 'S0001', 0, 'Digital Security Forensic', 'T1', '2021-03-22', '1h', '13:01:00', 'tutorial'),
(293, 'LT002', 'S0002', 1, 'Digital Security Forensic', 'T1', '2021-03-22', '1h', '13:01:00', 'tutorial'),
(294, 'LT002', 'S0003', 1, 'Digital Security Forensic', 'T1', '2021-03-22', '1h', '13:01:00', 'tutorial'),
(295, 'LT001', 'S0001', 1, 'Artificial Intelligence', 'T1', '2021-03-22', '1h', '15:42:00', 'tutorial'),
(296, 'LT001', 'S0002', 1, 'Artificial Intelligence', 'T1', '2021-03-22', '1h', '15:42:00', 'tutorial'),
(297, 'LT001', 'S0003', 1, 'Artificial Intelligence', 'T1', '2021-03-22', '1h', '15:42:00', 'tutorial');

-- --------------------------------------------------------

--
-- Table structure for table `course`
--

DROP TABLE IF EXISTS `course`;
CREATE TABLE IF NOT EXISTS `course` (
  `course_no` int(11) NOT NULL AUTO_INCREMENT,
  `course_id` varchar(20) CHARACTER SET latin1 COLLATE latin1_swedish_ci NOT NULL,
  `course_name` varchar(59) CHARACTER SET latin1 COLLATE latin1_swedish_ci NOT NULL,
  `module_id` varchar(20) CHARACTER SET latin1 COLLATE latin1_swedish_ci NOT NULL,
  `module_group` varchar(20) CHARACTER SET latin1 COLLATE latin1_swedish_ci NOT NULL,
  PRIMARY KEY (`course_no`) USING BTREE,
  KEY `module_id` (`module_id`),
  KEY `module_group` (`module_group`),
  KEY `course_id` (`course_id`)
) ENGINE=InnoDB AUTO_INCREMENT=44 DEFAULT CHARSET=utf8mb4 COLLATE=utf8mb4_unicode_520_ci;

--
-- Dumping data for table `course`
--

INSERT INTO `course` (`course_no`, `course_id`, `course_name`, `module_id`, `module_group`) VALUES
(32, 'SE-1', 'Software Engineering', 'AI', 'T1'),
(33, 'SE-1', 'Software Engineering', 'AI', 'L1'),
(34, 'SE-1', 'Software Engineering', 'SDP', 'T1'),
(35, 'SE-1', 'Software Engineering', 'SDP', 'L1'),
(36, 'SE-1', 'Software Engineering', 'DSF', 'T1'),
(37, 'SE-1', 'Software Engineering', 'DSF', 'L1'),
(38, 'SE-2', 'Software Engineering', 'AI', 'T2'),
(39, 'SE-2', 'Software Engineering', 'AI', 'L1'),
(40, 'SE-2', 'Software Engineering', 'SDP', 'T2'),
(41, 'SE-2', 'Software Engineering', 'SDP', 'L1'),
(42, 'SE-2', 'Software Engineering', 'DSF', 'T2'),
(43, 'SE-2', 'Software Engineering', 'DSF', 'L1');

-- --------------------------------------------------------

--
-- Table structure for table `ec`
--

DROP TABLE IF EXISTS `ec`;
CREATE TABLE IF NOT EXISTS `ec` (
  `EC_id` int(11) NOT NULL AUTO_INCREMENT,
  `student_id` varchar(20) CHARACTER SET latin1 COLLATE latin1_swedish_ci NOT NULL,
  `EC_reason` varchar(50) CHARACTER SET latin1 COLLATE latin1_swedish_ci NOT NULL,
  `EC_date` date NOT NULL,
  `lect_id` varchar(20) CHARACTER SET latin1 COLLATE latin1_swedish_ci NOT NULL,
  `EC_status` tinyint(1) NOT NULL,
  PRIMARY KEY (`EC_id`),
  KEY `efk_lect_id` (`lect_id`),
  KEY `efk_stud_id` (`student_id`)
) ENGINE=InnoDB AUTO_INCREMENT=11 DEFAULT CHARSET=utf8mb4 COLLATE=utf8mb4_unicode_520_ci;

--
-- Dumping data for table `ec`
--

INSERT INTO `ec` (`EC_id`, `student_id`, `EC_reason`, `EC_date`, `lect_id`, `EC_status`) VALUES
(8, 'S0001', 'I am m sick', '0000-00-00', 'LT001', 0),
(10, 'S0001', 'I am sick', '2021-03-22', 'LT001', 2);

-- --------------------------------------------------------

--
-- Table structure for table `lecturer`
--

DROP TABLE IF EXISTS `lecturer`;
CREATE TABLE IF NOT EXISTS `lecturer` (
  `lect_id` varchar(20) CHARACTER SET latin1 COLLATE latin1_swedish_ci NOT NULL,
  `lect_name` varchar(50) CHARACTER SET latin1 COLLATE latin1_swedish_ci NOT NULL,
  `lect_DOB` date NOT NULL,
  `lect_num` varchar(20) CHARACTER SET latin1 COLLATE latin1_swedish_ci NOT NULL,
  `lect_gender` char(1) CHARACTER SET latin1 COLLATE latin1_swedish_ci NOT NULL,
  `lect_email` varchar(50) CHARACTER SET latin1 COLLATE latin1_swedish_ci NOT NULL,
  `lect_street` varchar(50) CHARACTER SET latin1 COLLATE latin1_swedish_ci NOT NULL,
  `lect_postcode` varchar(10) CHARACTER SET latin1 COLLATE latin1_swedish_ci NOT NULL,
  `lect_city` varchar(20) CHARACTER SET latin1 COLLATE latin1_swedish_ci NOT NULL,
  `lect_state` varchar(20) CHARACTER SET latin1 COLLATE latin1_swedish_ci NOT NULL,
  `lect_country` varchar(20) CHARACTER SET latin1 COLLATE latin1_swedish_ci NOT NULL,
  `lect_password` longtext CHARACTER SET latin1 COLLATE latin1_swedish_ci NOT NULL,
  `lect_pic` mediumblob NOT NULL,
  PRIMARY KEY (`lect_id`)
) ENGINE=InnoDB DEFAULT CHARSET=utf8mb4 COLLATE=utf8mb4_unicode_520_ci;

--
-- Dumping data for table `lecturer`
--

INSERT INTO `lecturer` (`lect_id`, `lect_name`, `lect_DOB`, `lect_num`, `lect_gender`, `lect_email`, `lect_street`, `lect_postcode`, `lect_city`, `lect_state`, `lect_country`, `lect_password`, `lect_pic`) VALUES
('LT001', 'Eugene', '1981-03-03', '011-9810303', 'F', 'eugene@gmail.com', 'penthouse', '12345', 'Seoul', 'Seongbuk-gu', 'Korea', 'Oh Yoon Hee', 0xffd8ffe000104a46494600010100000100010000ffdb004300030202020202030202020303030304060404040404080606050609080a0a090809090a0c0f0c0a0b0e0b09090d110d0e0f101011100a0c12131210130f101010ffdb00430103030304030408040408100b090b1010101010101010101010101010101010101010101010101010101010101010101010101010101010101010101010101010ffc000110800e000e003012200021101031101ffc4001d000001040301010000000000000000000000030506070204080109ffc4004210000103030203040803050703050000000102030400051106210712311341516108142232527181b134739115234272a10916334362c1f01724d1256382e1f1ffc4001a010100020301000000000000000000000000040601020305ffc4002d110002020201040202000407000000000000010203041121051213312241325106142361344262718191c1ffda000c03010002110311003f00fa75c9589619272a40cf7d2b450097abc7f8051eaf1fe014ad14025eaf1fe0147abc7f8052b450097abc7f8051eaf1fe014ad14025eaf1fe0147abc7f8052b450097abc7f8051eaf1fe014ad14025eaf1fe0147abc7f8052b58ac9e9cc91f3a030f578ff0000a3d5e3fc02944e3a6f5ed0097abc7f8051eaf1fe014ad14025eaf1fe0147abc7f8052b450097abc7f8051eaf1fe014ad14025eaf1fe0147abc7f8052b450097abc7f8051eaf1fe014ad14026961a49ca1001ac24a711dd3fe83f6a5e9395f8677f915f6a014a28a28028a28a00a28a28028a28a03cdfb8d79bf8e2b2d80a61d49ac2c1a5984bd78b82182ae88eaa3f4eb58ee8af6c6a4ff143da94424f31e51e3fef517b871234c4170c64dc9975f048e44ac6c477135496b0e375ea7dc1d8f6898225b5485363993b9cf7e6aaa9b758966e69f70901e65c256a71273bd7957f54857f89e951d3e767e475cc8d78576d44b86da12f38ac069c5649c9db045525c53d7dad64dc8222dd3d5128460263b9ca061446f9efdb3f5a80d97595c571912a04f5b919c5768d20ab2507c8d37ddee3cc54f5d9e2e2dc3cded1c6dfee6a0ddd52528ee24baf05425a689f693e37eb4b43ccb136f68b8b68f79828ca8fcd58ab7ac7c7bd3f714245ca0cc84e67dac242923ebffd57259d461952536f1d8ec7f7a1820a3e64edbd670ef77390f1e571721437e7ed92a57cc015129ea96c5f3c9d6ce9f5d9cae0ef5b65e6df798e9976e98dbed2864141cfebe15ba547648c9df722b8b2c3ad755d91f69fb73b25b701031ce3dacf8a73bd5f3a0b8cc6e8fa2d7aa6298728e12974a70859ff006af6f1ba942d5a97b3cdbfa7ceae63ca2dcf99a29243a97794a16957300763dd4ad7a69a92da3cfe57b0a28a2b2028a28a00a28a28029395f867bf2d5f6a529395f867bf2d5f6a014a28a28028a28a00a28a280283d28a4274b621447a548752db6ca0ad4a51d801586fb56cca5b7a233c41d731745d99c94a2daa5ba0a22b2a3bad7ff8ae55d5778be5eee3fb7b52cb325f73d947660f2b68f840a4f889ac6fbae756cbbbb4f9105b25b8a851f7100e36f33e34cb264cb5c144776310a475517f97fa55633f3dce7a8160c4c25086d8d179beb4f2fb22b0b474c038c5472e56abb5f7b3b7da5fcb2ffb2e209c803c6b62f2e3c89003cf3c907b8bfb7e952ed03cbeb08525a439b75cef5e4570ee7c9e8b6d2e042db6e674e5ad8b6c470b8eb69e4e7f3a67bc439eea8cbf5d4a081caa2a3b8efd87d7ad4aaf51d9b72df5a1a5142d45440df73559eabbe4b4b2a430e069206ca232aae935ae0c476c5d9634e87b9ae721f9aa27252ae65807c853ec6b85b93cad5b18524631caa576781fcb5424fbf6a3edc88da84a5409e54b80a507e7839a75b1de3890a710a4cfb73a3ff69ae723eaac9ae693fa369456f6cbb5b72ecf80b84c202c9ea0fb5fad385bdad568743e26f2a93b8415f366a096dd4ba823474a6629b5be9ef7db29ce7c314fb6ed5911c1c9293ea8afe3e6054857d47415b437196cd67f8f69d29c2ae315ded418b16b229f5651086e62bfcb567649ee22ba0da9297d01d6549536a00a540e4281ef1e55c330e5faba184fac96193928e550723af3d48cf407a75ae90e06ebe4deed674dcd5a5b9b05256d00ac8719e8397e47baac5d3b2f7f1933c1cdc5edf94516de4e2bd1b8af3a815ed7b6798145145005145140149cafc33df96afb52949cafc33df96afb500a514514014514500514507bbe74062e6e82075eef9d54be91fad9cd2ba1551e3b8d34e5c95d8768efba138df356cafdd2704e0e702b99bd2f5d68bfa7d170573b09429c4b01255cee67c0545ccb1d74392246241597a8c8a56df785dda3a5bb7cd9524e30a518e8611cbf5144a5dba236f7afbea9321670866328903e6a3bff004a8faee1a82eaeff00e9b68f556b9b9029e702472f901d3eb529b4da05bd8f5996dfaf5c569c08e84f206c79acff00fb54c94b6f68b542be3443ee301f98fa5c66dbca94ee795454a03e66a63c3c42d890a3ea8ef6681ed297d69f2d5a3af7774975d0e210372129084a7ebd4fe952683a6176e6421d70af97707bd47ceb7ae4a3ece8e972f445756294622dcb7ab0939d8004f9d50dabe45c1687194385b70e77e5ce7e801ae8fbc594ad0b0da1033b9249dfcaabbd49a65becd6f760b654060adac2b3f435a592db3a42bd707315c6d576741c25f4924f33a86c1fe84d6ee9bfef44373b2448f5d600cada28ec958cf711537bbd9643f2791ad4294609f65e68233f5e95bd64b6cc84b1eb11da7c01b907071e35aa9e919957c8f3a6a4a6406d9764bee214378d3120f27f2afad3f4db5e4862392c850f65a7503917fca7bfeb8a56d50e0cf4a7d5423b43b762ad8feb4e8d46530caa2b8dadf6119f63a9411f09eb5af91ef938ca0b632d86f53b4eb8e58ae2c955b5de88e4e62cbbdf8cf41fe9faef53dd1fa9d5c3ad536dba1529cb7b8e05a9615cc52957504f72475a8c5d2d6ddf6dbcf697bb4b8464f3f39ff3401ee3a3a8501eeac6ca15a3a6aeac4f6156696082b4a9b487bf81df0f215271ecf1cbb91caead4a0d33e89db2e516e90189d0dc0e32fa02d2a1d0822b7074aa03d11f5a4fd45a427d8ee6be672c724c6c956e3cbc6aff0003000f0ab963d9e5ad48a9dd5f8e6d0514515d8e6145145005272bf0cf7e5abed4a5272bf0cf7e5abed402945145005145140141a28f0a031582538cf535cfbe92cc454cfb5cd5b880e30d2d2ae71cc12927af95740a8e1070335cc5e9248b841d5cc3ed34a7d991192a4b677194ec7ed507a82de3344bc1e2e522a5d390e1c8baae5255da0e6f7f0793f4ab6f4e6984ce5090a6138cf3e71918f9f8f97754774569d89754b7325a429cc83cadec13e556fc1623c467b08e9c553e9a64e5a2d4ecec8ec4cc68f121967b24004636c66a313d9465413d334ff7292794ef51f96e641353a715fa3a52dfb18e4c60b51491b533dc6d01d6cb296c282864ed52070e4935aeb4e48a893812bef654da9f8629b8365488a0ab7df618a83b9a5b5069af69b0a96c7360b120e0e3fd2ae95d2688c5e38e4040eb9ada4d86049010f466cf375c8cd70f173b1296d68e644deedb3df44405d8afe71858c380f803de2a4366d4b82e5b2eeaf64af085a36791e653d6adabff0004347df028aa32d97d5ba5c695caa49f107b8d565abf84faf348326507957cb4a01c38a465d6bf98f7ff0035696c24be51384928ad8c17696fd8a7a151dc538a58ed1a79a052892d673b78107aa4efe1b56bdc5a44975bd63645a5c69f4e25320ee850ea71dd4df1ef91b905beef19b5a413d9380ee91e5f235bd6868da662233290b85717bf76ef785f2ee3f4de90939ea28d26928f71d37e88b6b96c4dd477b6d94885714b2a42b3efb807b59f3ae984e4a467af7d549e8e3a69560d0489665078dc1d53c4636427c055b89e82af381070a12653b2e7dd73d0514515308e145145005272bf0cf7e5abed4a5272bf0cf7e5abed40294514500514514014785158aff87e7430de96cf16094100e37ae53f493d452a46ba45ad00b6cc08a942159c0257b9fbd7552b988c8c93cb5ca3e9591970757db9f710da11726c252b2327b44ec906a0f506963bd93701395ca28384eb7dd65a2a4f69d77f0ab46a15c278719ab2b80e43a8210543a671dd52cb9dd22dae32a6cb492947ba84f53559ab71f9966d77fc4d6931f249a6c92c636a89dd38b339125cf53b524b607559c532ff00d625296112edf9c9dcb2a0715acef813a18d641e992f94d90a22b4d28dfeb4dd13585aef0b084baa689e9cc29c52a23ab8160ee08db6ae3e58cfd1de55c91b4ca37a778e9c0a6254d10d3eb0ac72a46e4f75334ce23b76d4a90d442eacff0012b615af9a10f8bf61532945cbe916036771520b7b6cbed1664202db58e5524f422a886b88f7eb9acb714c66f3dc850271f53532d31ad350c4ec9b9904ca639bda503ed2456d0b76f98f047b2aee8ed32b9e3d70599b2b73355e9f8c536a79589909b19f5470ff009edf824f7a6ab7e19c59c12edaae4bf5a653ed257d4293fc2b1e045770c7661df2d6f332594bd127b652e34a48d811835ccebd051748ebe569d54b5356c9f23b3624247f84957f091e5526bc78c6d8cbe99e75d73f1b86b9de8ebbe185b3f66684b543c1052ca4e5479b7a970c6063a5355823c685668b16139da34cb410957c581d69d13b81570af5d8bb7d153b13ef7b3da28a2b7350a28a28029395f867bf2d5f6a529395f867bf2d5f6a014a28a28028a28a00af143bfc2bda0e31bd0310272397988c91b8fa573ef18a233acf535c3455d101a30d86e647938c96d0478f8d7429423209ee3b5523c545c0d35aa256a2b882f7ed08adc74369d8e11d6bc6ebaa5fcaf743ebd9eeff000f28cb25c64b9d3d7fbed7fe0cfc3382e41b74b82e1cf62bf6567f8ffd4691e225d58b4c771f94a4adb6d192bea11f2adde1bdf5abe5bee1244253284b85b00f77fe695d5964b75ca1a9a98cf68850e529cec4578b4bf253debd1edf6f8b275238a75771375b6b755dd3a26c321512d2cbafc979e4965a4b6da49dd7de55dc0786f54a5a25f186e1ac1db5c4b984bb1171c3ec85e037db9096f949d9592a1803a577b5e6d16fb3dbdb89618d1da4a1b71a5200c05a160858578820e37aa4d1c3b85a76eeabddb63acc9655cccf6ee95b6850f74849ebca7a7854daa78fd9a9479385f0cbb2dee84b831e13f106e12a72f4feaf80537286ef64f027916850db94f7123fad747c587fbb6d41ce6428641c74cf75515c3bd1d2a65c8b92a4aa5ca75e2eacf260f367724f7d745cd88ab6d9e2b4bf7920255e55e7d944136e04f86449a517ed0d7a9a245b6da0497b2b2aca863a0006e4fea2b93b5f4ed6fc4ebacdb3e9c9eedb60c18afc971694292b752da49c20019513d001de6baeb50c4727d950deeb401928f8aa8299a62440d42bb9437a5c679be6081da1c049ea31e15ad2a30977496cc5929ce12ad3e59cdba2745710dcd5326c966d44a764457a2b61e324a997d4f6374f9273bf90ae98e16eb6e2168bd50ad01c46b1485c861663c6bd435891066949f694163a78007c2b2d2fc3fb043b87ed3622351e515973b469bc292af11e156ddb6df6f7224789d9973b2595a4a9382144e49cd4ebb26892492d32262e25f4bf9bda2e1d2b31326133c88e50539c79d432e3a6dbb86ab9332432971717994d3446ca5636a95694516434d63d94a46d515d41aaa758f584869f860462a0e25cf127cea365dcaaaa33ff0052ff00a36c7c695d9124bf4cb178277c9d7ed1489d72e444844b79a53683b3612ac01561a7dd1507e165be0dbb4d97ede47653e4392c0ce7055b9a9ca46001564e951b21855c6dfcb5c95aead2ae79f6caa5a8b93d05145153cf3828a28a00a4e57e19efcb57da94a4e57e19efcb57da80528a28a00a28a2802bc557b4119a186b662bc72e0f88154b7a4269e9b36045b95bda2e3b1d45212064927baae952490424e0e29a751da5bb8db1c0a6f9dc6bf78800e0950e950f3697763ca07a1d332de1e546c450fc2d9d1d8b7fecb7c1664319ed5b527da4a8f7e29faf8b49608ce0f8542eeda8a25835830265b550e65c94a77b7513975093ca5207418231e7528bf3c11c9201250b48500460ef557a93843b3f45cec9c6fbfcff006fe883dd9c754f282d295856d8291b5329b03731e01c404a08e5f640fd6a4b2d0992be6c72ef5abce10b20af9437b67c6b5db87b3b5b0d7a24da4ac36eb6b43b16121446324648fad6eeac0854169b248c2ba8ea6b574a4f6e5b4eabb44a431b924ee693bedc214b09eca485048c918dbf5acca716b645aab6a5b66d5a9e8b2adc94755241467c2a337fb440e6e679a4823385f2824feb521d38607ab2925de5714764e33934c9a9dd421e31df5f2a86fca4570762d923c7f3d91b65953390c0c27c454834ec60a712b5a095676249a6a809e75602b293e552ab2349670a3bd63f37c129462e2ff64e2cc94a5c42f7e54a77aabf5baa76a8d489b559d95bc888a2a92be6f7013800d594cbc8b7d8245c1f594a529c83cb9eb51ee1b4791a8de170896d64b13de534eba925256949dcab6dbc877d77c8c7964765691e762e5578929dd27ca2ddd056dfd97a5a0c408c72b43e95264fba2916632586131db3ca9420247952e3618ab8d55f8a2a2be9144bad77db2b5fdb6145145753985145140149cafc33df96afb52949cafc33df96afb500a514514014514500514514015e2bdd39af683d2808e5d342e9bbd4e62e970b3457a54424b2b58cf2e4e4febd6a0daeed8c7ae3c90d767ce9094a48c2463bc7955b5938248e82a13c49821db7b73d08e842147c01af3f36a878a524b93d2e9d93357c54df051f21263acb6adf071915aaec15ca56410127c69d67c725fe548cef8af1e0dc664159092077ed5587252f65d652dfa1b956a9088ea66df3d51d6b18242720d463fbb779b1a9c726de952d125ce6031828f2f954c5892da9b53ea7025b46ea5acf2a47cc9daa3770d77a364485c137f8aa700e5239f23f5e95ce4b8e0daa539fe316c55db05ddeba44b8c1bf29a69846cd27a28edd69e6e11172dbccb5975e03994bc5305bf5be8fb72911debf30a24ec41247ea3a549ccc89218f5c872a3bed2d3efa1d4a801e783b573edfb24b56416e516bfe06f8901c8fca397656e2a4d646f9d684aba03bd6bb0e4799110b65485636d8d3a5a9b4b437d8f756f5f12d1c2767c5b2c6d236e8d7065e44a8e8759e508e458ca6a576fb441b537d8dbe1b11dbce795b4f2827e94d5a2d8e5b617c0d9d2083525e9d055bf12a8c60a4d141cdba53b6493e0f37c1f1af451f3a2a67f7217a0a28a2b2028a28a00a4e57e19efcb57da94a4e57e19efcb57da80528a28a00a28a28028a28a00a0f4a283d280f0118a6cbf4244eb5488ee0c852091e445397756adc5d6da86ea9d71281c8a1951c0c9ae76c14a0f66612ed99cff798ca8eee794ec7ae2a157f12ae5da4661d5b6bce12ea57828ab3ee515329a756aea09c543e4da4216a700ea7354bb21cb2f145ee6914cea4e196ab9c82edd75dde67431ba1969de4e5f10a03ad43a46824254108bf4d6d48d80e51902afeb9b125b49535920ff0d46e4598bce768fc305447756aee8c568b0e1f5078ebb544ad2d3a1e2bcea599b77b83e8ef4857283f3c558b61e115816813e63935b6903298e894a0167bb233bd395b2d3eaeb3d9c248e623248a995ae1b8a185038e5e95c9dca4b48ce5e73b63a13b144760911d4a496c8c247c23b854cec70d732534cb2d97095004246714cd1edea5ab09041009ab0740c16d99e80b4fb45be715df06973b52915dcfbbc353689edb21a61426d840c0481b56ed63d361dd5955da11ec8a451e5273936c28a28ad8c05145140145145005272bf0cf7e5abed4a5272bf0cf7e5abed40294514500514514014514500578af74d7b5e2ba1a208c7a277354cf1e350ca8970b05863bfcad4c7d2b77fd401daade7df093d761540fa511916dba682bf21bcc65df998529406cdb4b6d6a04ff00f2463eb50ba97f86912fa7253c81ee67b83e54d6f3594034e5340564a15949dc7ca9bcaf1b13d2ab0bd16580c7704b295a82fae0533bca8e3f5a7fbbc243e14f156091dd51672dae170f66ff0028f0eb589287d93ab9e90f700c62814ff00344fb1e1516b65bdd4b9853dce36fa54d60c5ec58e6c7518ad63ad706f39f06c3682318ea4d4bb48480c4f0e49f7dc3d922a231cedf5ad4d51795da1fb2142d4954dba36c27071bd4ac59f658a47959b1f2c1a2f942f22b2a4585053282aeb81f6a5aad507b8a6551f0da0a28a2b730145145005145140149cafc33df96afb52949cafc33df96afb500a51451401451474a00a2b02e104009cf8f9534ea2d59a7f4ac2727dfef712032d0e62a79d09f90de861bd0f24e066b59d74f40aa86f0ff008b5a6b8a11ae13b483ee498105ff0055f5b28c21e707bc107bf153040e719575ad9231dc8d5412b78851c807bea15c73d29fdf0e1fdc6025b05f60265c53dfda37ed0c79ec47d6a6e8480f9acaead07a29463293dd5cf26bf257d86f8f3f059df139bf42eaf3a92c11dc583db3280daf9baf3a76503fa53f2c8512a18dce76a856b2b3bfc3bd70b719694ddaaf4a538cf2fba878754fd73f7a9143bab721a41046e01c555a50ec97648b8424a71ef81b1290568392714dcdc51ce7d91d69d14e2548f2ac586438728200cd729d691b42cfd9ec38c941cf20ced4ee853810125471e14836d72005473593d29b6db1c89c9cd69187074959be0df8e94029c8f97cea27356757f1634d69285fbe62c8e2aeb315d52938c201f3c8346add770f4bda5d9ae904a1b27933babc879d493d1d7444fb4c593abb500526f1a84a65beda87f80d91fbb6fcbd9c13e64d49c4a6565aa242cbb63454e52f6f82e9f7436d9ea056c2093d4d22b092e05f78da952a09e9b55a94545248aa6db7a667456b098de578750be45614127253e47ce970bf602b0771d2864ca8af1279939c62bda00a28a28029395f867bf2d5f6a529395f867bf2d5f6a0142715895e37240155b6a5f484e19e9d43e917c45c64b0485310c73a81f33b003eb540eb6f4cebe4d65d4691b6b105a2a2943aeafb4511e3b6c3fad6ea3b39b9f275ecdbb40b734644f96c4664024b8f381007eb553eb8f4a5e19693e76225c0dd658d92dc6f749fe6ae20d71c5ad537b70dc2ff007d932cad390ca9c250703a048daabe66e33aeea339d6ca52bdc212be5e4fa56ca03bb6749f10bd37b5cdd5d7adda52dac58981902463b57944ff003653fd2b98f887c47d45ab2717efb7e9b70b9f3670f3c56481b8e54fba09381b0efad0bd5d516a43931e59c3439c056e33ff000ff4adbf470d08ef14f8b9a6512829499f74125e491cdff66c7b64f76015848fa79d65c568c36f47d32f471d0fff004fb839a6f4ead04485c61325ad40732df730559c77d5aad240413e55ac98e58ece32109e46d1cbb6d803a6d5b8d2709ad0cc629fb35cb7cabe7ef34bad198fbef5e96f3592d490de159f038df1586cdd251f4577c43d0cceb4d2b32c4b25328381f87236ca1d1d31e446527c89aa16db265c57570a524372a328b4e36aceca4ec6babcb27b670950ddb2790609f2c0ce6a8de35697876c9cc6af80de1335c11e6a53f19f74f91cd791d4f1d6bc9147b5d2f2f5fd290cacceed1009c0c8e9e15b6c3a7aa57b54644a504256727291e559a2e6b0363cb8eecd78ea5b4b67b9d9a64b0dc14d00959490a14cb7ad40d4361d703c9494a4900f79f0a699177504e547c86fdfff003351e8b61bbf12751c3d2f6c043321ce698e83fe1471ef9f991b0f33596f9518231db18a7297d122e19e917f89b7f4eacbd30576380bfdcb4e7bb21d1d15fca0d751d81a2942c9fe2393b77d345934e5b2c36a8b66b530188b15010d200f01d4fcea496f6832df28df3df562c6c558f14fed956ccca7953fec851690957d6bd7061be7acd4d731cf37f4ac1fd91c952922237b3853d302fbc45e05712edbc4cd07aa2e36bb4ea547652da4b9da4744c6c1c12d2c29039867a0a94708fd3c20dc8b3078876f6c15008f5e860804fc4b41277f9103caad4f4a3e15c7e2e7063526996daed67c76d53edc7972a4c86c732707cf18f91af96da41f971d85c2964890da948292370527183e7b5748a4ce5b7b3ed0697d73a5f59424cfd377a893da50e6fdcb80a87cc75069ed2b511929f9015f22b456b9d49a56e4b99a66f93204c8e41e66d580beff00693d0fd45752f0bfd3aa5c75356ee265a82db47b2a9b10616478a9b3f707e9470fd1952fd9da4093b918af6a17a2f8bfc3cd7cda17a5f534594e3a321852c21d07c390effa66a6495a883cc8c11fd6b4d68dfb9195272bf0cf7e5abed59851380a001f9d612bf0cf7e5abed58327c865ea57d175bc4752f25b282493925272363f4a1f98b109b6985000fba16702a2b71288ba99d71e730894c399c6fed0231fef4ea979b7941b52bd98ecf36fbf7775484c8acd49373973ae08652da53c9ecac2b3857caa40d45f5380b754ea5194ec9f0a6386c97eeb9037523033f153a6af982df1fb1e5e88093fcd8acef6663ecab78afaa5b62da54543913ec103aabc7fa575bff65cdaed9adf536a1e21c2f6e2d86dccdae30231c8e3c7995f5c367f5ae09e29cef5b6c41565395127fa62bea27f651e891a4fd1a0dedf8e1a7f525e244bc818e665294a1bfea1cfd6b9c9b3a1d97d825b2a59575c0acc29084ee40f99c5326a9d7ba3745c05dcb55ea3b7daa3b692b52e5be96c003e66b91f8cff00da63c32d26cbf6fe13c17358dd0e425e482988d9ee257de3c8573d3375a5e8ece9b3e15ba3bb327c96a347653cee3ceb8108427c492700799ae77d55e979a46f126e765e12dc23df255adc31e64f6b2a8ed2b19c2543659dfa8dbcebe61718bd22b8e1e9032d43885a9df6ed01654c59a0a8b50daf0e603770f99ab0fd0c20b83515cac0cb995290dbaa4744f64aca558eeeb8a4938c768dead396a4770e8cd4fa918bf47d512ee9225bfd5616b385a15d5213d3beaed94d694d7b63916f5be964493ed2167954dba370a19ea41c1aa634cdbc34d38c848e686e72e3fd352d80cb0e25216b5107a83dc7c457271528f6bf4764b53ef5ecafaf364b969d9eeda2eada90f33921441e55a3b9493de314c2f4bc2940286de7576dc6d8c6a2b4bb6cb9057332731a4e72b657dde653e5545eb2b3dcf4adc7d56e6100b89ed03adfb8b19233e47caabd998b2c77e4ff002968c1ca864255bfc84a44d4a5a5ad449e51d07fceb57f703f43ff00772c0abd5c23945c2efcaead247b4db60e529faed9aa8f83ba4ded53a899ba4b8e5cb6415f339cdb05af1ec8f319ae8bbbea8b5d8e1a9879416ae5010db47720744f954be974a6fc925ec81d5f237fd187d0e775b9dbf4f5b9fbadde4a23476125c5b8b23f41e3f4ad0e1ef13b49710ad9ebd609d95a367a3ba395d68e7f893e1e7d2a8de205cef5acdcff00be901a8cc83d93093fbb48f123bcd70671a38f5adb40716e04de1c5f5fb7cdb1b9ed946e87c752db89e8a49fe99af63d3d23c37069727d930f209c67a75f9f8560f0e6ae57f459f4ece1ef1da143d39aaa4c7d3fad0230f41757866491fc4c28eca1e5d45755171b5279c28118ce7c456fe8e66821b6db5f6453cc14727cfcabe557a5570f8f07f8ed768715a4b56dbe1fda9108040c2d595207983915f580b20ba16318f9d7187f69f68966570bad5c4d8cc15cbd39352cad491fe4ba7073e40926b317c9ce49238e1e2a12512e0bbca1680b51ee23a7fb53d46421db7befa8059033cd8c9e9d3caa2962b8199022f68001d904edf2a9169e716a8cf43ea1c0719f1ff98aedf46a63a435248b55c5c6d32168f6828292e94ad38cee08abc74b7a52713f4596d98f7d7ee9152072b5330ac27e79ce2b9a250fd9f7cdbfcc25afad39aaf61f90d465a4842014288f0ac35b32b83e8470dfd3574b6a2b946b16a8b62edf2dee50ebe8524b2851f1c9cff4ae90725312219719585a1d64ad0a07214923635f1fb8792977369c9b29a1fbe74ab39df9074debe8f7a346bd1aaf87a6cd31f2b9d656cc72547da53641293fa6df4ad5c5246ca4cfffd9),
('LT002', 'Park Eun Seok', '1984-02-10', '0102101984', 'M', 'eunseok@gmail.com', 'penthouse', '12345', 'Seoul', 'Seongbuk-gu', 'Korea', 'Logan Lee', 0xffd8ffe000104a46494600010100000100010000ffdb004300030202020202030202020303030304060404040404080606050609080a0a090809090a0c0f0c0a0b0e0b09090d110d0e0f101011100a0c12131210130f101010ffdb00430103030304030408040408100b090b1010101010101010101010101010101010101010101010101010101010101010101010101010101010101010101010101010ffc000110800d9009b03012200021101031101ffc4001d000001040301010000000000000000000006000507080103040902ffc400541000010303020303060b03060711000000010203040005110621071231134151082232617181091415172342627291a1b13352c12492b2c3d1f016345383b3e1f1263537436364828595a2a3a4b4c2c4d2d3ffc4001a010002030101000000000000000000000000030204050106ffc400251100020201040105010101000000000000000102031104122131130522324151618123ffda000c03010002110311003f00f40be64b875dd65753f766be3ff7d21c14e1fa4e516d9883e28b94949fc4394774a823b500df331a1feab37449f14de260feb6b07833a37ea397c6fee5f66a73ff008b4754a80d88043c1ad29f56e1a911f7750ce1fd6d60f06b4dfd4bd6ab40f04ea39c3fada3ca5406c4017cced906cdea7d6081e0351ccfff004a5f33f6bfabacb5aa4780d472f1fd3a3dac138dce3de680d88043c23880611af35c24777fba0907f534be69d2361c42d6dff6d2ff00b28ec281dc107df4b98788a036200fe6a1deee266b71ff005a8ffe95f238533938e4e2beb918ff009fb07f5668fe9501b1004785b75c79bc5bd7093dc7e3514fe463d7cfcd75f86e8e326b607c4ae11fc8c6a3fa5406c4007cd8ea51e8f1a35983eb45bcfeb1697cdaead4fecf8d3ab3d7cf1adcaffe2d1fd2a036a003e6f35ca3f63c6ad4433d79e05bd5fa4714bfc01e212764f1a2eeafbf6a824fe4d0a3fa5406c4008d0fc4946c8e31ce23edd9e19fd102b439a478ac8594b7c5e4948e9cf618e4fe4a1fa548b5c8fb9875431412e8eba54a95002a54a95002ac138a4b240ca464f8547fc4fe2dd938791036eb897ee4fa7e86324ee06fe791e1b518cf4083895708b05a2fcc7db6509eaa5ab02802f3c65b4464adbb5b2e3cfa5653b8f34faf3504ddf8a3a87562fb4b94e25a490b4349d9207863be9e34da5894a476890798f36deda24e305c9a3a7d04ad69be89487126fb7186a4336f434b23d2073f962be6d9ad35bb3bcc82d496c7407cc38fc2ba6cc882c328fa1412a48ce69f9a8a6737cd1929e61b0277c52636e5f05cb7474d6b989aadfc50b4bcefc5ee51dd82e7db0797f1a2c8d3e3cc485c6750e20804292a041a0dbb6985cd8a12fb083ebc6f42cf4095a71b4dcac931c65717cf7595a894b89cee31fd953f225f229bd129acd6c9842b7c118f0afaa1ad17aced9abadadca8cea51211e6bd1d47e91b50eb91e1449939181b78d4ff00a67b4e2da666952a541c152a54a80157049387d5b787e95df4db2d644858dbbbf4a0072a54a95002a44f4a558567030ac6f400c7acf555af4569ab8ea9bd3e96625ba3a9e7093d703648f59381efaf34ee7c48d41c4cd753ef93df74bb31d2ef293b34d67cd40f0c0c5583f844f5c4fb5e97d3ba1604f5346f72d521f42520f336d6300f7e324556fe1d5bdb8eda9e5a799d78654bf1d87aeb96d9e1adccbba1d23d5db18ae898b4edb9f94ca120ad5cd81b9a94b4bdae447ecf9c1d850a6850d7629e648250062a5282a6d294900671580f5765adf27be5a2aab82da87e8017c88049d8516e9f5b8805293b1a1282fa7614536b94db6072ec7156f4f638becc4f5187b1ac054eb895279554337cb7c47a3b8928dca4efdf4e0e5c4007ceeea6a9330ba9214acd36dbbf4c5d2553ae5c70574f952f1a3f5b48b9c19aa8e01216907d219e9565f879ac236b3b0b77065e4ade64f63200fdf1dfef183efaaafc6c4bb6ebfbc50ef645e2549575fefb668a7c8cf57bf75b8ea5b24979a51486e4a794fa47253d3d98ad7828ce8524676b735ea248b514ab09359a40a5c8a952a5400a9a2728894e01eafd29de98ee4b509ae007c3f41400f94a952a0055f2b19c0236efafaa47a8a0e33cf0f8484c94f13347ad790c8b6bbca7b8abb41cdfa2682b42452a871d49180a6c1a987e132b3245af45ea44a120b121f88a501bf9c0280cfb5350d70f6736d5b63bcf38427913ba97803fb9cd53d6e5d5148f45e84d4652913ee8f8cf2196f9119e6ea6a4782cbdca9249071d280f455e2d6f30d2da98d9381e683919a916db73b7ad292e389e63d6b194259e4f60adcc783b2395a0e0288229fedaec8db626989e9519b1f1843ad840eec53959b555933d8aee4c737815276a7d49a666eb1b70ce0200dba412a5135a5452160a8640ea2b71bd5954c6133d9cab6d97bd37cb79b00869d2463ae69b6f09332a84e6f0d100f95408cc4662e4da821c48ceddf42de430f3f72e2a5d27c749f8ba20ba8700e893cc9c5757959b7297a65a9d196b596dd01c193b03b0fcf144fe40fa41fb6b5a8f512d003523b3692a03014a579eac7b36fc456d6867bf4f2660fab55e3d4a5fc2e00acd607f0acd457453152a54aba02a1cbaad42e0e807c3f4144743776ff7c1ef68fd05001252a54a80152a54bc2802ae797ecbd0a386f68b76ae32cc87ae6db9153193e7728d9c2547648c1f79daa80de2e378329fb158cc8f892127964a969495b7cdca361d0efbfaf35e8c7974e9ab45f381f2a74f8c1526dd2d8762ba3ab6a2ac63d87a1aa43a1ed50eece23e30d923e2c5bca51cc02894a8123c3623df42715f234749bb6fb402b7dfafba658e485ae64b2bc13d92029c50cf71c74a24d33c55e20580b5739b3ae9299929516c9e6e5e549dc8f1a2cb1f0d60da6ef2d4ea9931e49c12e248c83ea228cb51a6c5134a0b3cf90d965b4290ca1b6c13927608006d9f1aaf6ea2a6b6336f4fa2b9b56296020b1f196c77fd1731570d650e3c88ed93ca163b5cf42027c4ec315146abd5bacd902198cf4675cfa464a5c529df7a53568384fc08b0c9e0eaed172b54512e7b2a796b5340a90e2b252a07ae4647e14d976d1f699c5a6dc063dde12025e4a9820f301838511823bc60d518d75533ca592e4e53d4e6b94fa20ce1ff00152e0f009bf6b573b2240521c0a6483dde7f2a854a8cf1f27696b942b1bb02e5748b3905719d65e69e4f30eb95a948c0c2bc2b69e1e59de80e5ad50a0969d395b6842464f89f134f7a4381919bbd469cfc77040b732b285149082e2ca4250807a8012a24e3bc559f34269f182b4b4be04bdff60971724eabd79a0a5c8f92998919a01ce52e9538a0371b80075ee19f6d589f244b0b5a7383b6b88e4a65d99294b97212dec53cdb241cefe8a450ddff004f3274edc20760d9418eb0807d9521f93fe9b8761d0101e8cb2b5cc4952d6a3bf2a145291ecc0fce9fa4b178dc57e995ead4414f7b7964a1df8a5581ecacd38c5152a54a801509dec9f951fdcf54ff00445165065fd49177900a8754f7fd91400674a952a0054bc2952a00883cacb4ebba97815a8e232f069519a4cc04f7f66a071544f82f1db7521e52800bc900f757a3bc58d348d5fc3cbfe9e716b02540742790e09504929fcc0af37b852b30e53d6f50285b0e29052a18dc75aa9a9ca8368daf486958b2588b659e2ca6d287584af033cc7fd951e7195db45ae4dbe096d0dacf33e5413bf2a7baa4ad3b35a530905c1909cfb8541be51cd42bf1132d53969b847654cb7ca765255d462b169539cb07b2b6eaa986645afe1b6bcb239a3624c6e5214caa3255cfcc30401b9cd6a7aff689f2137384fc796874e399385003db54e383561e23d92c36d26cd70991673e2332d02aec909ea4a93e1f954ffa2441d230e646b9db7e28e4d592a6d190d827a9483e8e7f0ab5641a784fa29d1650a4e7b5a6c99edf1ed4f80f18cdf37bb34eafbc96d8e44ac0401b26a38d23a81a965480a57327a839144b36e4a2ce107714a776d5b704eca949ee4cd129c329c7630232e828dfd752bf0eac2ad33a36d96652fb4532c92b57da528ab1eee622a1bb73c5f989cf52e240f79a9f2d511112236da54a24a4642959deb4b458c1e6bd65fc51da9acd600c566af184c54a952a0e0aa3ed4eeb69beca0a580728effb02a41a8bb5948651a926254bc1051dc7f71340128d2a54a80152a55851c501d9ade03bc672083ecaf3978d7a3a570af8d1758a86d4dc0ba3867c2563092db849c0fba723f0af4716b0319077db3505f959f0b5be2070f645de0368f9674fa552e2a89e42e3407d23593d411823d62956adf068b5a5b9d56a2b7c5bec85d9df5467b0bec080738df151434c6a09f7d4c89f3a3c58c83f44f3a3b439ef3ca76eb4dd13896dc1b24b8ae3c84908e5c28f9d44ba2f53694d4688ed5c0b4f2d49e4080bc74eb9aceaab95316d23d3bd5c6db92935fe87b609ad5bdf652f7136d8c36a4722d1828cabc4a42b07f2a3b9f6793a8ecab66dbad234b4369e647f27051cdf64f36534c7a7b85dc3898944d7f4fc15a927992568cf37fae8c679d3f678c8b64388882d803952ca40fc692e4a5258352cbd78da9ae3e867e1cfc65944a4c88e2338cbc5b7121654852c7529cefcb47ae4c5380f2ab6a8ea15f5aed5e711e6242c0eedfc4d3bb37e429bcf32b07a7ae91745ca78442bb142bc86ba652f4cbcc68ac0e75adc0a03d4373f903561edd298990d99719c0b69d405248f022a18e0f5a0b51e6eb8b8a0a1861952580afac71babf8574f0c389cd36a7ad17250f8aa5c5a99707d404ec9fc735bda4d3b50c25c9e33d4b52aeb38fa267fad59ad31e5c692da6447792e36b194a92720d6e073dc47b69bd70ca0854a952a00550debd92d2356cf4289c82df77fc9a6a64a81f89339a675adc9b5256482d7403fc922802770beb9076ac15ed9c1155e755f9595aa3a16ce96b3b8e63a3f28f2a7af5e51927f11fc2a1bd59e519acae6e29527513ed34ae8d47fa203d5e6f5a6aa64de08b9248bc6fdc21c638932d96b1fbeb09fd686b54715341e9086e4fbdea680d36da7384bc16b57a8015e77ea4e31dcda61d90e5cdc4a55b052dd59528fbcd405ae38a1a8750baa4226ad29048e6e72698b49cf64149cba2f07167e104836d79db6e81b7a42b252253c9e6511e213ddefaaabafbcaaf881ace49892b514f7d521d4a54853a50d804904048daa0a997253685baa256e91e928ef4c8d4c5894d3eb561c05273ec39a6b84211c31d1a5af7b64b1c48b1bf67d472213711c435250875bc9d9614904e285f4d6a2b8e8dbc25e75a516c1d8f70ce2adcdfb8770f895c3db4c8799cc931195c79481e7217c83f11efaacd7fb7b9a72eee69ed570d4dbad1210aecf21c1e20f7d53cedf6b468d566f597f44d5a6fca52d91e1a3b6788710809000d85383bc7995a95a7536565c7e62d41a6f95b3b7acd43fa3f4f68d9b310a71c6d493ba90a73971eaab13a06d9a70bf16d1a6a3457662ce128670eb84f76c9155e55c567623415f64a1872c21cb4c59e7b7019f949e5a9fecc29c40ee352f70bf86172d673d0f3e95336a6160b8e9cf9dbee94f89a2fd07e4f72dd79bbaeaf5969bcf37c510af395ea51eea97ef977b070f74c3b717d2d448301af35094e3271b247ac9a5c34cb3ba5d95353af5b3c5571fac8cf8fbae2d9a0748b3a4ad0b6db765a4341946c50d8e9ef245437a3df7e1db9a75ee6ed5d24919dc0f5d065f3545cb893ade56a3ba82a8adab990da8f7ee001ea031442c4f796ea148f3129c6dd76aded3c3c71ce0c09ce5264b7a6b5ddc2cee844692a242798a09db191b62a53d39c51b35cf0c4f7531df38dfeaff00aaab2f6ca3730e36f14a8b7ca93dd9383fc2b95cd4efc6b8162728b6fa4f9aa49c0554a7446c5d1d8cda45d7664b32101c61c4b893b8293915b474aad5a5789374b7847c5e5118c6415652af68a966c7c53b64a6929baa3b05938e749e649f7636aa3669a707c2e0629ac721e5571e2bcd6dad7f766d492482cffa1455858972853db0ec392dba93fbaacd55ce345c986b8997a6cba010a636ff0030dd577c764d3cf45547af8970e5c77a74dfa50bdfb532ca8a50b4e127634c52eeca435939191b9cd0ccbbb26495254e81835aea1c99dbe4d1af52dc255cde2a756543a63bbdb43329088cd6db9575cd3eb336d8e3e59548cac8e99a63bf80d3bc8da81073529e122c53bb2b20dcccb848e638cd7c4363e30f21943456b51e5481d73ddf99ad8e2339cd491e4e1a1ddd79c56b258596fb453931b529247d44f328fe49aa9cce5834a53f1d793d1be04695b742e0e5ae56a97a2c14c282d97dd92b084369091ba947a0aaf5e507aebc97750baab35b9373bd4c6d4435360b69436939ea8528f9fee183e356038c3c1abf6ade1d4a8126e0e46b7c464bf1e2b5e682a477af1e9579b97cb42f4c6ab9f684b4a9662b84242b395276209c77e0d7364653c32bd4f3f64d7c3be04706b534e84ecbe2b5c20c37d610f07e072a9b51e814b04a47b4d7a29c15e07f0cf8496369bd110d87dd9084b8e5cd6a0e3b2063af3f4c7a86d542386ec436f4db7a85f80b6101b28520a8f9cb3eaeeab03c1c5f1cb875219ba40b5cd9da56e480ea2d6e12e7664efccd13ba33f81f0a8dd563a3939497c9971c84819cf5eb54e7ca4f8a6ad4fa95dd216a789b75adc2858413875ece14a3e206703d86a60e2771f6c161e1f4db8c278b378751f166e1bc0a5d69d5277247d9df7154918b8499d70f94de714af38a964f55e7ae7f23ed14aa6bdd2cbe854e780e6cada22c54239b1dfb8a776e4240e5463276a6265456c21e491d911b78e6b6a25f63f4837c78d6a2c2e04a790a23ca6da7495b9ba93839eea6ed4ccb329b325b279903cd23c69b1c97daa4bb92158f75605d03b1fb05907152e8074d3d71783084ad5e7276273d68dedf797120657f9d46901fecdc236033b511b13529485156fedae369f6049569d4b3203a1d892d4d2b39f34e33508716f57cf99c42bb4990e256e2cb39567ae1940fe14671eef8c79e2a0de26dd1f56b8b99472904b5fe8914ab6b4d2da8645b2bbcfbabeb1d925df6571464202cb8e02720e77ae7e64a9614a1922b9a45c8249650ac28f4a94a5b564ec2b59da36dcd92dcc0fc725242b3d6be9c92b7b0b7579591835990e2b970e1ca89ce7d55caa56e314994b25cdbc247d38125248ab49f07adadb7b8c8ab9068155be03f2127ed101b03f176aae2c04b4567a01bd5d4f8352c6f4ed6b74b9b6c65b8f1dbed17e00ab9b1ef2d8a8c3b6ff8c56a65ff003c23d0fd536d3334a4bb6b692a5bb194de01dfa6f8f5ef5e597112c307e72d6fc57d5dab3798d6a901a5f9ae2920f6a907d580323c2bd02f2ace36b7c17e194ab84379b179b9e625bd0aea95a86ee7b1237f6915e6337717e46aed376c6a42a438dafe5092a0acf3beb57328a8f8e3bfd748a64f3967631c44b51c2bd293af7c6a81c3690954ab0b4dfca2f21d1f48ca5193c855de927946fbf9d57d198cd448adc761086d0ca025080701206d8f662ab0f0062b733898c6a565a0954bb638c288ea31ca4fe60549be52bc491c38e195c24c27826eb724aa14219c1e750f3943d89c9f6e2bba96e53514426f11cb2a2794d710e26bde2acd6ed853f2759d460b2b401878a4f9ebf5f9d91eea0ab5ac6109ee0450c4577b474bae28952baa89de9dd897d910868e727191dd56611d8922939e43666e8d3684c34ab1daee81d70475fcabe6f7a96c7a72089d77ba478c82399285ab2b5f8f2a46e7f0a0fb838a5c15beb5af9dbdd0a41c2924ed91ebde99e370b224f026dc2eb226c87901c5bae9e6241e94d4c92648d67d571752d9cdc6d90df69951c214f0092b1e207503db83eaa686efc589863bc4024d3a43b647b3d8d886d1ca503037dfa546b7897d8defb5ed4a52956feba9672ce4dede592f47919436e13d7715dcedc836d64a86685adb7486f5b5b7de9c96d281e928815b937189392a6d998dba00d94850343783b9e07966fea07996e0c67c2a1fe205ddf7b57dc1c65c1c8a2de361fe4d34eb77d4f22cf34c592c256cafa389fab40b7e9cb9b767e4a398257cb80478240a84b2c942499144a74a6225693839ea287d6f28cd46547d2aed7e497105bc9c1a6d943911cfde08de9127948bf5c76be4719aacba40ee35ce7248c1afb5ab9867bfcdfd2b08ea6b99c8cc60fb5e4b0a4139cd7a37f062da0c6d3ba8ae61b3875d69852bc309c81ff7955e70b992529cfa4715eab7906428fa3bc9be6eaa920044991226ad7f65a4048fe89fc6a1278837fe15ee59718fe95bfe10ae23a753716c69c6648722d81811c202b203a7759c78f4155c786f717625f9b521295bee292d950fabd3a5638a5a99ed4fad2f1a825385c91729aebe4939c052c903dc302bef42ae25924b729d40725bcb0509ee6fd6699a7ad28ac8e7c247a4be4952d73af8ef6db2635bd58cf712a48a86fcb1b8a4356f1295a720490bb7e9f418e939d94f7570ff000f7514f0678811f873c29d5bc419eea5522241eca28e85721e504b481ef4e7f1aa9132ef26e935fb8cf70b9224b8a75d52b7256a3927f1ae789cad6ff0a1aa9ed5b4726a6a81c25477f5d3dc098869197f650eea1882b07aef8ac5ca5bab96dbf1492840e5233d47fb6acc964a5024494da5db4b8b2480b4f775adda4eee84c64c4e4573359e6528e719ee27be83ae3add30b4fb719801c9f230db2df7857ef7ddeb4fba710ec1b2b61fddc70f3a89ebcc7a9fc6b890ee8309d704bb11413b115106a593fcb14547393524a16b92ca9b6faf2d459aa5e5479ceb2ea479bd36a947b216b72e8dd3253b26c0fb1f197120364801471415a7756dcf4ddd12b8b256b4745254a38aebbcdcde4595e4b248253dd423ca141b5bc795448e944bb1d445b836c9997a821ea45b53164a1a4105f42939c9f57b698e7494cc96ec8695e629584e06361b7f0a658f71723424c660ec4673de69ead49ed2034b5a464f313fce35072c1dae3821453833d0d73cc740615806b62880739dab448dd071bd52526d9b18c9bdb779d86867ead7da15cb9ae5880968a07a415d3beba3a277eea62e083fc3a63e1c5a413bf30af49ee3ac070bfe0f5b738c3bc932fb0be2518779548714547f99cc7dd5e6bdbd4dae7b0de39f99601c6e40cf5ab6fe579add9b7709783dc3188ea9261e9f45d5f424f7b89086f23d81cfc6a32e63b45b8eeb22bf0a9f2e4a1c938709538b5607b6a48e1dd8598aeb726f8a0038a0a6daceea39d8e2a38b449662ccf8f4a6d2eba8dda41e84f89a932d49785a5dd5974714ca5a41e54e3a9faa13efab35fb62327cac055c45e20c97c46d076f93c90185a654a03a38fa52a081ff0044295fcea1144bcd0bb331d992173240216f28ad59f134e4cc819c730a6c784656a7dcc29b7bc4ed5b2e4fb50d95c8764e03692af3bfb2b82d929b403da2c24272559ee03ad0f5fae2eea09498d087f2264e413bf3fae8622b8665863b695b8fcb7a83e569d84241e4610a39e548f0f0a9b63bf1654556067952318aad2ccf72d331be4467949ea3d547367d6b7362376d01f0a5247a2adcfb315c1934e2f808ef97cb8da24add840feee31ddfdc506def50bf77901c7cf9c94ef5bee5c42f94c2a3ce8488f286fda0380450949b8a1c796b68633d7d66841b1ee3eaeb2ca98e41dea14d694e64f679dbd226b45c24b8b1b2f940055b9ae482fbee24afb51952b3d6a129f25eae18885b1941785138c6dbd4a1a5a097ac315c482410bdc0dbd3350f408326e0a0932791093b951e54fb89ea6ac170fa125ad1f6f6d95a9e4243802c0ebf48acd2e72e0878f0caa257cbba4807d75a4a54a702ca4e73d474a4e9c9c0eb5f4daf6c1aaab86692fc3118a9321581d55f9538a598cb6cf68f04ac1ce0f7d360596dd491deac577bfc980a077237a72e50b9766622db1350a46c107bbbe8f38f3ad11ab35e294c38551ad70625b2382738432d25271ea2ae63efa8f637320b8e81e88c8ae24bafbef2df7dc2e294ac951efae35908c5396e610e9a6222e709772fd8b279b93bd67c2887536aa91780cdada4f631b3cfd9a76000e80d30e9bb43972754ebb24310d95053ce138c27bc0afa9b223ccb8489309be464282591f640c67f2a7c7ac11b1a5d1de873006543dd5b197d7cd814d8a794d80540fbb7a4fcb2cb0024fd2abd114cdd8293af7c8799d775cd4356f8aaecd6a1f4eb1e1e029d60456e333cc9071d9919c77d0b5b3e85b08f495deaefa7a64ca79b710998e349082427ae457739116476e50dd7542ccac84288f50ad96b952e3e521a50f68c7eb5cf31325b3871d71693e35f0d388e8acfbf38ae64b0929412674dc5256efc6158c9dba8ae153891df5b1e28c6472fbab997be71517fa4e315935bef23b35029e6246d5c71dc384f2a39703047aebedf700d81deb54556558277cd25be4b38490476c782990d2c2b2179383dd566785709c73415ad6cb654821ec1ff003cbaac96d6f932ee49574e5ab71c13852a4f0c6caf06b1cc24778ee7dc1fc287cae444bb28eadb3cde81afa6d92a56024fbc629dff00e3d35d28f4aa9a936cb3bd83aec75a548240d943bebbd6ca968052334e4bf4aba91e853d4b045c9b189b65488ef2949db18a6f8ac0cf3297820fa2718344f2ff00c5974decfa3efa3706589d7252ad863b44a1bcee946e15edadf19a434da01472e00dabad1fe207ef5761f413ec1538d8c5cc6e4bc23acb8a6ca927a6d5c24aa4c853852425590411d05774fe87db5adbe83d952f2b169e1e4df11b5a527001f6577c6965952b9828e5052303beb9adfe81acb9df528d8d909c14fb3ea74971e48e56f18f118a6d71f70f998493f677aebfae2b9def4cd7779d4b0b0680e2d590a0a1ed49ad4b748c8193eeae96bf687eed6a76b8e6c6c126b237b99392ac0f6d28892a74728cefdd5d0ae87d95d16de87ef525c9e460f16f2ea010948c641dc55d3e00c0952384761792d8c28493ff009976a9633e9abeed5e5f271ff818d39f7657fea9da252692132ecfffd9);

-- --------------------------------------------------------

--
-- Table structure for table `module`
--

DROP TABLE IF EXISTS `module`;
CREATE TABLE IF NOT EXISTS `module` (
  `module_no` int(11) NOT NULL AUTO_INCREMENT,
  `module_id` varchar(20) CHARACTER SET latin1 COLLATE latin1_swedish_ci NOT NULL,
  `module_group` varchar(20) CHARACTER SET latin1 COLLATE latin1_swedish_ci NOT NULL,
  `module_name` varchar(50) CHARACTER SET latin1 COLLATE latin1_swedish_ci NOT NULL,
  `module_subject` varchar(50) CHARACTER SET latin1 COLLATE latin1_swedish_ci NOT NULL,
  `lect_id` varchar(20) CHARACTER SET latin1 COLLATE latin1_swedish_ci NOT NULL,
  PRIMARY KEY (`module_no`) USING BTREE,
  KEY `tfk_lect_id` (`lect_id`),
  KEY `module_group` (`module_group`),
  KEY `module_id` (`module_id`) USING BTREE
) ENGINE=InnoDB AUTO_INCREMENT=20 DEFAULT CHARSET=utf8mb4 COLLATE=utf8mb4_unicode_520_ci;

--
-- Dumping data for table `module`
--

INSERT INTO `module` (`module_no`, `module_id`, `module_group`, `module_name`, `module_subject`, `lect_id`) VALUES
(6, 'AI', 'T1', 'Artificial Intelligence', 'Artificial Intelligence', 'LT001'),
(7, 'AI', 'L1', 'Artificial Intelligence', 'Artificial Intelligence', 'LT001'),
(8, 'AI', 'T2', 'Artificial Intelligence', 'Artificial Intelligence', 'LT001'),
(13, 'SDP', 'T1', 'Software Development Project', 'Software Development Project', 'LT001'),
(15, 'SDP', 'L1', 'Software Development Project', 'Software Development Project', 'LT001'),
(16, 'SDP', 'T2', 'Software Development Project', 'Software Development Project', 'LT002'),
(17, 'DSF', 'T1', 'Digital Security Forensic', 'Digital Security Forensic', 'LT002'),
(18, 'DSF', 'L1', 'Digital Security Forensic', 'Digital Security Forensic', 'LT002'),
(19, 'DSF', 'T2', 'Digital Security Forensic', 'Digital Security Forensic', 'LT002');

-- --------------------------------------------------------

--
-- Table structure for table `noctification`
--

DROP TABLE IF EXISTS `noctification`;
CREATE TABLE IF NOT EXISTS `noctification` (
  `Notification_id` int(11) NOT NULL AUTO_INCREMENT,
  `staff_id` varchar(20) CHARACTER SET latin1 COLLATE latin1_swedish_ci NOT NULL,
  `Noctification_title` varchar(50) CHARACTER SET latin1 COLLATE latin1_swedish_ci NOT NULL,
  `Noctification_content` mediumtext CHARACTER SET latin1 COLLATE latin1_swedish_ci NOT NULL,
  PRIMARY KEY (`Notification_id`),
  KEY `nfk_staff_id` (`staff_id`)
) ENGINE=InnoDB AUTO_INCREMENT=8 DEFAULT CHARSET=utf8mb4 COLLATE=utf8mb4_unicode_520_ci;

--
-- Dumping data for table `noctification`
--

INSERT INTO `noctification` (`Notification_id`, `staff_id`, `Noctification_title`, `Noctification_content`) VALUES
(7, 'ST000001', 'Attendance System Update', 'We have a new component to update. So the attendance system will unable to use in 1:00 am until 12:00 pm on 24/3/2021 ');

-- --------------------------------------------------------

--
-- Table structure for table `staff`
--

DROP TABLE IF EXISTS `staff`;
CREATE TABLE IF NOT EXISTS `staff` (
  `staff_id` varchar(20) CHARACTER SET latin1 COLLATE latin1_swedish_ci NOT NULL,
  `staff_name` varchar(50) CHARACTER SET latin1 COLLATE latin1_swedish_ci NOT NULL,
  `staff_DOB` date NOT NULL,
  `staff_num` varchar(20) CHARACTER SET latin1 COLLATE latin1_swedish_ci NOT NULL,
  `staff_gender` char(1) CHARACTER SET latin1 COLLATE latin1_swedish_ci NOT NULL,
  `staff_email` varchar(50) CHARACTER SET latin1 COLLATE latin1_swedish_ci NOT NULL,
  `staff_street` varchar(100) CHARACTER SET latin1 COLLATE latin1_swedish_ci NOT NULL,
  `staff_postcode` varchar(10) CHARACTER SET latin1 COLLATE latin1_swedish_ci NOT NULL,
  `staff_city` varchar(30) CHARACTER SET latin1 COLLATE latin1_swedish_ci NOT NULL,
  `staff_state` varchar(50) CHARACTER SET latin1 COLLATE latin1_swedish_ci NOT NULL,
  `staff_country` varchar(30) CHARACTER SET latin1 COLLATE latin1_swedish_ci NOT NULL,
  `staff_password` longtext CHARACTER SET latin1 COLLATE latin1_swedish_ci NOT NULL,
  `staff_pic` mediumblob NOT NULL,
  PRIMARY KEY (`staff_id`)
) ENGINE=InnoDB DEFAULT CHARSET=utf8mb4 COLLATE=utf8mb4_unicode_520_ci;

--
-- Dumping data for table `staff`
--

INSERT INTO `staff` (`staff_id`, `staff_name`, `staff_DOB`, `staff_num`, `staff_gender`, `staff_email`, `staff_street`, `staff_postcode`, `staff_city`, `staff_state`, `staff_country`, `staff_password`, `staff_pic`) VALUES
('ST000001', 'name 01', '2021-02-10', '6016-5263346', 'M', 'name01@gmail.com', '10, Jalan Serma 1 , Taman Sarjana', '31400', 'IPOH', 'PERAK', 'MALAYSIA', '123', 0xffd8ffe000104a46494600010100000100010000ffdb00840009060712121115131213161315171818171717171716181512151816171717171815181d2820181d251b151621312125292b2e2e2e171f3338332d37282d2e2b010a0a0a0e0d0e1b10101b2d1f20252e2d2d2d2d2b2b2d2d2d2d2d2d2d2d2b2d2d2d2d2d2d2d2d2d2d2d2d2d2d2f2d2d2d2d2d2d2d2d2d2d2d2d2d2d2d352d2d2dffc000110800fd00c803012200021101031101ffc4001c0000010501010100000000000000000000000102030405060708ffc40041100001020303080705070304030000000001000203041112213105064151617191d11322325281a1c2077292c1f014425362a2b1e14382f1162333b22463d2ffc400190100020301000000000000000000000000000102030405ffc4002b11000202010302050402030000000000000001021103213141041213225181f01461a1b123713291c1ffda000c03010002110311003f00f6c987b9ad25a01234134f3a1481eebfaa2e34ed1d40f776a26fb24ec48dfbc76fc9a811255da8713c91576a1c4f248e1e3f24135a20604bb50e27925abb50e27921982476344c00b9da8713c92d5da8713c934e9094dc1002d5da8713c91576a1c4f2494a1145224032aed4389e48abb50e27927a10032aed4389e48abb50e27927a10032aed4389e48abb50e27927a10032aed4389e48abb50e27927a10032aed4389e48abb50e27927a10032aed4389e48abb50e27927a100421efa9eab6e34ed1d40f776a1ef7804d96ddf98ff00f297bdbfd21362bbaae3502ea0ae15ff00281092d1dcead5a00f7aa78529e6850c8dedc6b87edb10840b62d4c764ee4305eedfe90898ec9dc961e2edfe90801c5a105a12a1031004109508010040684ab92cf0cfb83244c36831a3d2b605cd65702f768dc2f49c9256c6937b1d2cd4cc382d2f88f6c368c5ce200e25729947da3cab2e82d7c73b0596f175e7c02f22cad9623cdc4b71e2179d5f7583506e002cd8f941ac06fc31ff002b34b3c9e912e5892dcf5398f6a2f6ff0045807bce3e777eca943f6b5109be1b00d62a283c49aaf2889941ee3d56f89bcf055223dcefbc7c280797f288f89cb1351e0f7781ed4a060f6c434d2ce8cd7c1d4fdd4aef6af200d1c661a76b219f3057cfcd6b85e091bcabf2b103ee7dfa0505fe454fba4b9b21da8fa7721e5c979c6da96981100c40b21cdf7985b51c169f467beefd3c97cb12b122ca44116044731c0d4169a7811811bee5ed5ecf3da23670881316591fee9173636ed4ed9a7429c66989c68ef7a33df77e9e48e8cf7ddfa792910ac21447d19efbbf4f247467beefd3c948840511f467beefd3c91d19efbbf4f2522101440c866aeebbb1fcbdd1b13590c9b40b8d0114b9ba81d5aca9a1e2edfe9092162ff7bd2d482864297a126a4d741b34f200a553213191cc764ee4b0f176ff00484931d93b92c3c5dbfd21021e84210304217379fd9c824251d1053a47752103df23b54d21a2a7c06b49ba1a56617b41cfe12c5d2d2a418ff7df716c004603417e17602b7d705e3f3334492e712493524925ce71c49274ed4c7457105ef24b9c4b8938924d4976dadfe2b22766493e437ecf9acadb9b34a4a08bd333f7063463a0627693a37fd1cd309ce38d4834a81703dd60d77e2aa0791a7ac713a87d60ad439aa0005da029a876ec41cbb9ea4ce854bb563a8ebbf57eea278b20170dc367c829c470053e89e4a38b18385ff450ac1959c4b8de7c15d952d6e8b87ea2aa183b779d5b147538f052dc851b2d884e26edfe1a76a8ab7da612d2284106f14c0822f0a83229c2aa6644aeefdf604aa867bcfb2fcfa3363ecd3247da1a3aaec3ed0c1a755b14bf58bf5af435f2849cebe139b12192d731c1cd7696b860be92ccace26cfca3230a07f662347dc88311b8dc46c21591970464b937508429900421080190f176ff0048490b17fbde96a5878bb7fa424858bfdef4b5022442108191cc764ee4b0f176ff00484d983d53b90d37bb78ff00a84089509a5c94b903157cf39f99c267e79c6bfecc02e6431a0d0deff122be0d0bd87da165a32b93e2c461ebb8746cd8f7dd5f0153e0be75e92829b2a4eb3fe55593d0b31fa8b3b315bb00b25fde3e1bbf957638c1bc5538834f0518c689c9d91319a4f8efd012d9d29ee61a535e295d77d69536446441a38a219a2477eff5c1369f5ad219298d5d17681cd4ec845c6ebcfd5d45041805c7cf605d9e6d641a0b6f1b40d8a13928a2c8637239e6e4a21b6df701f5e253a0c83836d9171c376b5d3458023c6b20751b8ed35c16a3e4c52cd2ea5dbb52a1e665cf123cfc43b351883c5767ec8b38fec93a20bdd4851e90cd4dc2257fdb77125bfdc352e7b2de4d30dd7764e1b0ea58ce7df506845fb41d85688cad5a33ca35a1f5ea162665656337212f1dc6ae73007fbedeabbcc15b6af3382108400c878bb7fa424858bfdef4b50c37bb7fa426c337bf7fa5a81132136d2103239b1d43b9235bdadff26a7cc764ee4b0f176ff484081de2835bbe49e840cf2df6e33e192f021137b9cf8846c6343479bd78bc910ebcebaf0c3e65771edfa7cba79b087dc84c1f11738fee179eb62d96d37055bd5962d8d1752975e4a80c1bf77eea3813405360298276bc53025743a5530b6ea94f8d34dd3f5f57a83eda08bf87ec950ec6165ff576c56e4727be2bc35a390097274bbe33c3582a4f068d64af4ac8d92592f0b0aba9571f90509cfb4bb1c3b8c293c86d1119040b80b510f789ec8f0a13e0b672ac7207450c5f70d80ff014993de1ad7c537b9e491bb01c025c992449b6ff0001e64959252b3645513e4e910c68faa9d27eb451597c20ac0098e0a962660e59930f6907eb6af38ca20b5c469078af569dc179967236910fd576ad3d3bd68cd99687b1fb02cac224ac69738c27878f76203ea63b8af535f3bfb02ca363293a11374582e1bdcc2d7b7cadafa216e4637b821084c444076b7fa42640bed9d67d0d4b105cfe37d295b2298dc9b2583b7eceeb755c958b925a5c314291098c8e63b27725878bb7fa42498ec9dc961e2edfe90810f421213440cf957da8653e9f2b4d3c5ed6bfa31ba180c3e6d2b9889112cf4c18915f11d5abdef79ae35738b8d78a85f80dca24c57444748a3a2b52993a2c53486c73b70bb8a340d4ae5c4ad5c9191a2c7700c69bf49ad00d64ab30737662110f742269b2ad1bd75592b3ac42a36242bb5b71db50a1293af2ea5908abf31bb9b7901b01941793da27134d0b5a799486ed743fb25c9d9561456da8641d9a4782b7d202b1c9dbd4df15e8644864f26c9898340a3345c34eb2b4db0a812458e1a09c17179733923c471852e08185a1da3af70e692877688252ed474b9472b4283db70aead3c15094ce897886c8750e8a8a57c56164ecd2744ebcc4570adf4041778b8ae81b9bd2a1b410da769bcf14de3825ea55dd37c50e997ae073b6151c0aedbec9d1f54125ba0135b3b2a742e633da01b208461d26472eb1287b318e5995e508d31437c1c0b4f915f56af997d8fe4831f2ac02455b09a631d42cd2cdfef398be9a5d04616084213115a61f46bceda620621a31376949206e3ef6cd4355ca4240b56a94a8c77353648dc77dfbecb6be754b923c96108426488e63b27725878bb7fa42ab3a3ac34f54e8c3c7478ab2c37bb7fa42425b9220a1098cf8f7296467c38d121d93d4739b85303ab45c554128e71000a9d4be86f697906117322b581ae75bb47bceb8871dabcd7216452c8eeb42bc966965ed6d3e0d2b15c54bd4cdc8b9a6d2418809c091a372eb634ec1976d0002c8c30016bc093145839c19adf68352e229fb2cde277cbcccbd46968649cfc697384384e8835e0078d3e5a1568b97191cd62cb51ba1e09701bcd0531f35af2d9b96618842cd904e835a114209ade4eb5a39372774208043ad36c9b7579a1a022a4df735a2fc0001694b156857fcb66664d84d866d4371a6a2705d7489b4d0561c2c961b5229a4d2941b85f72dbc91d5145967b9a914b2c3a946ae7e339c0d9810ed4437802809da49b9a3695d1e516d5e9ad94b2eb4d2ea9bc90695df417f8a9e2ae453bd91e7f1e3cdb9d67a6a388b40078045d5ecd6d536d295baaabcc4f4f4a3c74ae2e6b85c71b8dfaae2bbf98c90d75fd604d6b7635c46ed89a72435ceb4e05c7493fcabe592096c668e2c97ab296459d31d95a1ba82a74f8e9506734bda85b974b06035ada014599952182d75755782c9dde6b45b28e85af62732ee9ace80d7b4ed15b42bbae0bda5797fb22c9f47be20140182bef3a94f20e5ea0ba18b58d98f3692a04210ac2a2bc67001f5a11515b5860dc6e289435b47f379d057404e23b57d286b5baea341d2925bef7bdaa9f75ba12e45c93a100a13199f395b7782452e34146ebbeba68ad35ddadfe96a59a1561dc8637b436fa4210921ce75e95c7721cd4961319cde7c42b5018753c79ff85e750217fbf10e8b82f56ce5972e958805e40b43fb4827c815e610203838bb10ec0f3583a94948db81de37f62ec1729c054a1baf5698565d8d2a368798234808730680a660aa57b55a9be06a3467476d136571524f9a25946dcaa937648ab367acac4a3aebd4594189b92e25450e2138b068d3098e6a9981451559204915a21a2ca9dbdaedc55f997d1508603ab5c1452d48e48e8775ecb452548a50d5b5dbd503e478aed173d98b2b62501a52db8bfc306f90af8ae8574b1ff8a39995dcdd02108532b2bc63d57e9c7fea13244dcec31d9dd6f76e4f8cd05af06b4a8ecde706e09922059752e04d45d4a02d69c3c52e48f2582ec122759429121b31d93b92c3c5dbfd2124c764ee4b0f176ff484843d08420635ec04106f0450ed05799656c9ee811dcc27ab88fccdd07e5e0bd3d51ca79260cc01d2b2d530209047882a9cd8bbd16e2c9d8f5d8f2a8b7395881114d97650428f118300ebb71bc79159ec342b9cd6b4ce8629e86bc37a22c6b95111d3593209538ba2c22ca048209c3e6b3a1e58b112c8a9bb51a0feec16dc56870a1bc2aed90680452e3a1354d859979532cd4b4509aea186fd4ae64b3571235053b24da1b4a27c08219826e90cd086fbaf4d8ce55c454911f551b04509d88ac66f6498b324b6181a2d389a0683515dbb9549b6aee7d9940a418afef3c37e16d7d4a7863dd2a28ea3254743ae958021b1ac6e0d6868dc0514a842e89cc04210802130c3ad0385469a6869c42259805a03bdfbb5a53e1e2edfe9092162ff007bd2d4844884213191cc764ee4b0f176ff00484931d93b92c3c5dbfd21021e8421030421080384cfd96b319afd0f6d3c5bfc10b9a0c5e879e321d2cb92055d0fac35d3ef0e17f82f3c86e5ceea2353bf536f4f2b544a65c39aaa478cc863ac4346d5a10a22ad3b2ac8808700ab55c9a8a072f421855c760e691d97853b141ac9fe164c5c98c84eeb36ed62e1e582b8c9280e00b4d0e8eb5ead518f06a8e38b45819731a3411bff0084872fc2af5aaddffc2acf94822f73c1bb02746a543ec022bba8d006bd9bf4a938c790708a5a9d0ca4e322761d6969f4540a964f956c36868170f356e2c5b950eaf43372509cb97a5e65caf47270ea285d579fee351fa68bce64a55d311d909bf78de75345ee3c2abd821b034068b800001a80b82d5d3477662eaa5b21c84216b3202108400c878bb7fa424858bfdef4b52c3c5dbfd21242c5fef7a5a8112210840c8e63b27721b8bb7fa426cdf649d89adfbc76fc9a811610a378f14135a2063ca54c66091d8d0e0980f7617af33cebc95f668d56ff00c6fbdbf94e96f856ed857a46bd4b8ff6970c741088b8db22bbda792a3a88a70b2cc326a5a1c9c27ab566ab9e873258403fe772d6959b0573dfd8e8a913ba5c1b8aaafc8ed3a0705a2c7a9dae09c4b13315b92003d91c02b0c960d5a0f705522bf4a7206ec63ee54a663a867a740d2b2e2bdcf04de050ef3c922b6ecf58cc2c886143e9e20a44883aa0e2c8788f138f05d6282408e8a1d30b0da6eb228a75d38c545523992936ed8210852220842100321e2edfe909b0f17fbde96a29dadfe90990af2f3b7d0d4089c21329704898c598ec9dc860bddbfd21131d93b92c3c5dbfd21210e2d41095081894410950801005c6fb4b3485086b793c1bfcaecd707ed3230b5059a839c7c6807ec553d43ac6cb70af3a38a30438508a855624b3d86ac351a8fc8f357e1052b9972e5c5b3a55666332b39bda046f1771c14cdcb8cef79a57c2bf052439769d015b1902b23765b6e835dd79e0abbe7e23ee6b48daeb870c55e7406e86a6365c57008ee13b2ac292fbceeb1f2f0089a172bee8635054e6e1e951623d8734e67a4929777feb6b4ef68b07cda56b2e0bd974db5d0a2407005cc36db502f63b1e0eff00b05dcfd9d9dd6f00ba78e5dd14ce6644e3268910a3fb3b3bade011f676775bc02b08122147f676775bc023ececeeb780400b0f176ff484c834abfdef4b5232032aeeab71d43ba148c84d18340dc00480716a12a13191cc764ee4b0f176ff00484931d93b92c3c5dbfd21021e842103042108005e4d9d73dd3ccbdc2f68eab7736eaf89a9f15d66756708b260c13526e73c60069035ef5c2ba1deb9bd5e752f247dcd7831b5e663612b4d6aaac142ae422b2c4d8886243bd35b0d5c211602b50148a74386acf42020b53a0b2abdaa9cd0b95c8a5578cda851111e46ca2e958ec8cdbec9eb0ef30dce1f5a405ed393e761c686d890dd69ae1507e47511a978858d0b47216588d28eac23569ed30ded778683b42bf0e6f0f47b19f362efd56e7b32160e44cea81300027a27f75c6e27f2bb03e456f2df19292b46269ad1821085210c878bb7fa427a643c5dbfd213d0008421004731d93b92c3c5dbfd213661a48b20d9274915f9851b0baafbc5c47dd3dd6fe640b92ca1444bb58f84f341b5ac7c279a06453b9421c2157bb701da3b82e472be5c8916ad1d466a189de7e4b59f9b2d249e94de7ba39a63b359bf8a7e11cd61cd1ea3268952fecd18de38eaf538d8cd50062ed9d9a6c23fe577c239a68cd067e2bbe11cd678f4791705fe3c0e1a2c24f972bb5399cc3774aef847348ccc860feb3be11cd4d74b917035d440e5688a2ebffd20d1fd577c239a8999af08e118e8fbb4c6f18a9f81317d443d4e5004d8b705d80cd287f8c780bfcd0eccc61feabbe11cd3fa798fea21ea7026f29ee62ed9b98ac06bd33be11cd3ce6533f15df08e68fa798bea2079ff0046830577dfe8687f8aef8423fd0ecfc677c239a83e9b27a0d67c6704c62da93cbd350800c8b70c03807b775f7d36021747fe8767e33be11cd28cc867e33be11cd28f4f9a2ee3a7b91966c52dccd83ed360c27064ec374127b3121831213fc075daed943bd74f93f3a24a3d3a29984e2706da0d71fed750f92c19ff006750630022447100834a0186d06aa83fd934b5d6234468d20863da7c1e0deba7815c7f91d33164a4fc9b1e830f176ff484f5939b99304ac11003dd10349169d89a807c31a506a5a84a6c43909b6909003c2ac213aafbc8a917507745f78faa2b6840a881d0ddde3c1bc9058eef1e0de4a74202885b0ddde3c1bc92186ead6d1e0de4a74202883a275fd63c1bc91d1ba9da3c1bc94e84051058713da3c1bc93ec1ef1e0de4a44202888c33de3e5c944648697138ead22874695690950522b09415ad4d6b5d18920eafca38296c1ef1e0de4a44228288ec1ef1e0de48b07bc783792a53194ec3df6c064286d0e7c573c3436a0917117e14c74a6c2cae1ee86610112144716748d756cbc07920b69752c531c4ab3c3910f123f9ae7faf8f62fd83de3c1bc9160f78f06f2522cecb796192ad639ec88f0f88d860436da20bab42468177eca2a2dba44dd2d5976c1ef1e0de48b07bc78379291090511d83de3c1bc9160f78f06f25472d65612e19d47447bdd658c6e2e3bfeb156e4e317b1ae730c32716ba956efa293c6d4549ecc82c9173704f5410619ebd4d7ad506807dd6a900b8a6ccccb21b6d447b58dbbace21a054d05e76a9544991d2e172148840c1084200108420010842001084200108420010842001084200e6f3be681e8a5416b6245736235ef706b21f411213ea41bde6b668c14b403af18a4cdb9bb11e34bc4731f11c4c72f86e05843acb6cd8a930c8a000126d5926b881ab319258f88e7bfacd7001d0dcd63a1bac820121cd274e829b0f22c26bd8618e8dac3684386d86d876acb9b6880dad68f3a55ea50ecedf97f3db928a9f777573f8f9efc1859c1962349e509774489ff008719ae86e040a428a2f0eb54adf70c7bda961bf38274c9439b314b3ed13cc10db659d49625c0330beb66b5ddad76f9c990a14ec030235a0d243839a407b4b4e2d241185461812a3ca79b9063418300da6320be1bd81840a18428d06a0dd453865c692b5af3a71f3f41284edd3d38f9f37390ce5ca7370a722f4d311e525c59e8224280d8b03016ba5b89adad1fc56ee75e57b511ac813732d70842216cb40115b475ed8b11c0121a452e1a29ad6a658ccd873111ee33134c6c5a74909917fda89400765c0d2a0006892773265e2456c46448f0290db09cd8310b1b121b051ac7dd5a500171170535931795be17a222e1935afd9852994234e4be4d8ae7d88af74405e003d66bac5ab385f66b4c2f53cc4c4e4d4fc492873465d92d0e197bdac69891dee6b4daa1ec8eb68f3a8a74393735e0c0872f0d8e885b2e5ee654b6a4bdc5c6d51a2b79d1450e5dcd08333144711234bc60db262407d8739ba9d71afd6a4de7c6dd2db5ad36b76bf0530e9e7194a4f9ae77a8a5fb384ce0cab3113274f4b4cbc45892d1e0b3a50037a46ba25d502eb42c9e3e277f2d4c4f4b365a51b37d2469a8ae1f687c3637a186032ad6b05c4d4d413ac8bae236999932824e24a51e5914da7bcbab15ef0410f2ea52a081a29b2f298fcc980f96e822c5988d47f48c8b1225a8d09d400587d3aa00185288f1b17b5be3ecb5ff007ad167853fc7afddff00ce4cec9f37372794a0c9c6983370e618f735ce6b5b121398d738d6ce20d93c7450d45af9073460cb4531cc48d31188b3d2477db735ba9b70a2167cd28c9aedf4d74abf62fc69a5a9ffd9),
('ST000002', 'CHOONG WEI JIE', '2021-02-11', '0165263346', 'F', 'TP056081@mail.apu.edu.my', '10, Jalan BIru, Taman Hijau,', '31400', 'IPOH', 'PERAK', 'Malaysia', '234', 0x706173732e6a7067);

-- --------------------------------------------------------

--
-- Table structure for table `student`
--

DROP TABLE IF EXISTS `student`;
CREATE TABLE IF NOT EXISTS `student` (
  `student_id` varchar(20) CHARACTER SET latin1 COLLATE latin1_swedish_ci NOT NULL,
  `student_name` varchar(50) CHARACTER SET latin1 COLLATE latin1_swedish_ci NOT NULL,
  `student_DOB` date NOT NULL,
  `student_num` varchar(20) CHARACTER SET latin1 COLLATE latin1_swedish_ci NOT NULL,
  `student_email` varchar(50) CHARACTER SET latin1 COLLATE latin1_swedish_ci NOT NULL,
  `student_street` varchar(50) CHARACTER SET latin1 COLLATE latin1_swedish_ci NOT NULL,
  `student_city` varchar(30) CHARACTER SET latin1 COLLATE latin1_swedish_ci NOT NULL,
  `student_postcode` varchar(10) CHARACTER SET latin1 COLLATE latin1_swedish_ci NOT NULL,
  `student_country` varchar(30) CHARACTER SET latin1 COLLATE latin1_swedish_ci NOT NULL,
  `course_id` varchar(20) CHARACTER SET latin1 COLLATE latin1_swedish_ci NOT NULL,
  `student_photo` mediumblob NOT NULL,
  `student_password` longtext CHARACTER SET latin1 COLLATE latin1_swedish_ci NOT NULL,
  `student_gender` varchar(1) CHARACTER SET latin1 COLLATE latin1_swedish_ci NOT NULL,
  `student_state` varchar(30) CHARACTER SET latin1 COLLATE latin1_swedish_ci NOT NULL,
  PRIMARY KEY (`student_id`),
  KEY `sfk_course_id` (`course_id`)
) ENGINE=InnoDB DEFAULT CHARSET=utf8mb4 COLLATE=utf8mb4_unicode_520_ci;

--
-- Dumping data for table `student`
--

INSERT INTO `student` (`student_id`, `student_name`, `student_DOB`, `student_num`, `student_email`, `student_street`, `student_city`, `student_postcode`, `student_country`, `course_id`, `student_photo`, `student_password`, `student_gender`, `student_state`) VALUES
('S0001', 'Bae Rona', '2000-06-23', '016232000', 'kimhyunsoo@gmail.com', 'penthouse', 'Seoul', '12345', 'Korea', 'SE-1', 0x70726f66696c65322e6a7067, 'baerona', 'F', 'Seongbuk-gu'),
('S0002', 'Joo Seok-hoon', '1996-03-06', '013061996', 'kimyoungdae@gmail.com', 'penthouse', 'Seoul', '12345', 'Korea', 'SE-1', 0x70726f66696c65342e6a7067, 'jooseokhoon', 'M', 'Seongbuk-gu'),
('S0003', 'Yoo Jenny', '1999-03-25', 'F', 'jinjihee@gmail.com', 'penthouse', 'Seoul', '12345', 'Korea', 'SE-1', 0x70726f66696c65352e6a7067, 'yoojenny', 'F', 'Seongbuk-gu'),
('S0004', 'Morrigan', '1991-01-25', 'F', 'morrigan@yahoomail.com', 'Flementh Hut', 'Kornari Wilds', '123', 'Lothering', 'SE-2', 0x70726f66696c65322e6a7067, 'morrigan', 'F', 'ABC');

-- --------------------------------------------------------

--
-- Table structure for table `timetable`
--

DROP TABLE IF EXISTS `timetable`;
CREATE TABLE IF NOT EXISTS `timetable` (
  `time_id` int(11) NOT NULL AUTO_INCREMENT,
  `time_date` date NOT NULL,
  `time_time` time NOT NULL,
  `time_group` varchar(20) CHARACTER SET latin1 COLLATE latin1_swedish_ci NOT NULL,
  `module_id` varchar(20) CHARACTER SET latin1 COLLATE latin1_swedish_ci NOT NULL,
  PRIMARY KEY (`time_id`),
  KEY `timefk_module_id` (`module_id`),
  KEY `timefk_module_group` (`time_group`)
) ENGINE=InnoDB AUTO_INCREMENT=12 DEFAULT CHARSET=utf8mb4 COLLATE=utf8mb4_unicode_520_ci;

--
-- Constraints for dumped tables
--

--
-- Constraints for table `attendance`
--
ALTER TABLE `attendance`
  ADD CONSTRAINT `afk_lect_id` FOREIGN KEY (`lect_id`) REFERENCES `lecturer` (`lect_id`) ON DELETE CASCADE ON UPDATE CASCADE;

--
-- Constraints for table `course`
--
ALTER TABLE `course`
  ADD CONSTRAINT `cfk_module_group` FOREIGN KEY (`module_group`) REFERENCES `module` (`module_group`) ON DELETE CASCADE ON UPDATE CASCADE,
  ADD CONSTRAINT `cfk_module_id` FOREIGN KEY (`module_id`) REFERENCES `module` (`module_id`) ON DELETE CASCADE ON UPDATE CASCADE;

--
-- Constraints for table `ec`
--
ALTER TABLE `ec`
  ADD CONSTRAINT `efk_lect_id` FOREIGN KEY (`lect_id`) REFERENCES `lecturer` (`lect_id`) ON DELETE CASCADE ON UPDATE CASCADE,
  ADD CONSTRAINT `efk_stud_id` FOREIGN KEY (`student_id`) REFERENCES `student` (`student_id`) ON DELETE CASCADE ON UPDATE CASCADE;

--
-- Constraints for table `module`
--
ALTER TABLE `module`
  ADD CONSTRAINT `mfk_lect_id` FOREIGN KEY (`lect_id`) REFERENCES `lecturer` (`lect_id`) ON DELETE CASCADE ON UPDATE CASCADE;

--
-- Constraints for table `noctification`
--
ALTER TABLE `noctification`
  ADD CONSTRAINT `nfk_staff_id` FOREIGN KEY (`staff_id`) REFERENCES `staff` (`staff_id`) ON DELETE RESTRICT ON UPDATE RESTRICT;

--
-- Constraints for table `student`
--
ALTER TABLE `student`
  ADD CONSTRAINT `sfk_course_id` FOREIGN KEY (`course_id`) REFERENCES `course` (`course_id`) ON DELETE CASCADE ON UPDATE CASCADE;

--
-- Constraints for table `timetable`
--
ALTER TABLE `timetable`
  ADD CONSTRAINT `timefk_module_group` FOREIGN KEY (`time_group`) REFERENCES `module` (`module_group`) ON DELETE CASCADE ON UPDATE CASCADE,
  ADD CONSTRAINT `timefk_module_id` FOREIGN KEY (`module_id`) REFERENCES `module` (`module_id`) ON DELETE CASCADE ON UPDATE CASCADE;
COMMIT;

/*!40101 SET CHARACTER_SET_CLIENT=@OLD_CHARACTER_SET_CLIENT */;
/*!40101 SET CHARACTER_SET_RESULTS=@OLD_CHARACTER_SET_RESULTS */;
/*!40101 SET COLLATION_CONNECTION=@OLD_COLLATION_CONNECTION */;
